nPUNG3,16:56:38
nPUNG3,16:56:39
nPUNG3,16:56:39
nPUNG3,16:56:39
nPUNG3,16:56:39
nPUNG3,16:56:39
nPUNG2,16:56:39
nPUNG3,16:56:39
nPUNG1,16:56:39
nPUNG1,16:56:39
nPUNG3,16:56:39
nPUNG1,16:56:39
nPUNG3,16:56:39
nPUNG1,16:56:39
nPUNG2,16:56:39
nPUNG3,16:56:39
nPUNG3,16:56:40
nPUNG3,16:56:40
nPUNG3,16:56:40
nPUNG3,16:56:40
nPUNG3,16:56:40
nPUNG3,16:56:40
nPUNG3,16:56:40
nPUNG3,16:56:40
nPUNG3,16:56:40
nPUNG3,16:56:40
nPUNG3,16:56:40
nPUNG3,16:56:40
nPUNG3,16:56:40
nPUNG3,16:56:40
nPUNG3,16:56:40
nPUNG3,16:56:41
nPUNG3,16:56:41
nPUNG3,16:56:41
nPUNG2,16:56:41
nPUNG2,16:56:41
nPUNG3,16:56:41
nPUNG2,16:56:41
nPUNG3,16:56:41
nPUNG3,16:56:41
nPUNG2,16:56:41
nPUNG3,16:56:41
nPUNG2,16:56:41
nPUNG3,16:56:41
nPUNG1,16:56:41
nPUNG1,16:56:41
nPUNG2,16:56:42
nPUNG3,16:56:42
nPUNG3,16:56:42
nPUNG1,16:56:42
nPUNG2,16:56:42
nPUNG2,16:56:42
nPUNG2,16:56:42
nPUNG1,16:56:42
nPUNG3,16:56:42
nPUNG1,16:56:42
nPUNG2,16:56:42
nPUNG1,16:56:42
nPUNG1,16:56:42
nPUNG1,16:56:42
nPUNG1,16:56:42
nPUNG1,16:56:43
nPUNG1,16:56:43
nPUNG1,16:56:43
nPUNG2,16:56:43
nPUNG2,16:56:43
nPUNG3,16:56:43
nPUNG3,16:56:43
nPUNG3,16:56:43
nPUNG3,16:56:43
nPUNG3,16:56:43
nPUNG2,16:56:43
nPUNG2,16:56:43
nPUNG2,16:56:43
nPUNG2,16:56:43
nPUNG2,16:56:43
nPUNG2,16:56:44
nPUNG2,16:56:44
nPUNG2,16:56:44
nPUNG2,16:56:44
nPUNG3,16:56:44
nPUNG2,16:56:44
nPUNG2,16:56:44
nPUNG2,16:56:44
nPUNG1,16:56:44
nPUNG1,16:56:44
nPUNG1,16:56:44
nPUNG1,16:56:44
nPUNG1,16:56:44
nPUNG1,16:56:44
nPUNG1,16:56:44
nPUNG1,16:56:45
nPUNG1,16:56:45
nPUNG1,16:56:45
nPUNG1,16:56:45
nPUNG1,16:56:45
nPUNG1,16:56:45
nPUNG1,16:56:45
nPUNG1,16:56:45
nPUNG1,16:56:45
nPUNG1,16:56:45
nPUNG1,16:56:45
nPUNG1,16:56:45
nPUNG1,16:56:45
nPUNG1,16:56:45
nPUNG1,16:56:45
nPUNG1,16:56:46
nPUNG1,16:56:46
nPUNG1,16:56:46
nPUNG2,16:56:46
nPUNG2,16:56:46
nPUNG3,16:56:46
nPUNG2,16:56:46
nPUNG2,16:56:46
nPUNG2,16:56:46
nPUNG2,16:56:46
nPUNG2,16:56:46
nPUNG2,16:56:46
nPUNG3,16:56:46
nPUNG2,16:56:46
nPUNG3,16:56:46
nPUNG2,16:56:47
nPUNG2,16:56:47
nPUNG2,16:56:47
nPUNG2,16:56:47
nPUNG2,16:56:47
nPUNG1,16:56:47
nPUNG1,16:56:47
nPUNG1,16:56:47
nPUNG1,16:56:47
nPUNG1,16:56:47
nPUNG1,16:56:47
nPUNG1,16:56:47
nPUNG1,16:56:47
nPUNG1,16:56:47
nPUNG1,16:56:47
nPUNG1,16:56:47
nPUNG1,16:56:48
nPUNG1,16:56:48
nPUNG1,16:56:48
nPUNG1,16:56:48
nPUNG1,16:56:48
nPUNG1,16:56:48
nPUNG1,16:56:48
nPUNG1,16:56:48
nPUNG1,16:56:48
nPUNG3,16:56:51
nPUNG2,16:56:51
nPUNG2,16:56:51
nPUNG2,16:56:51
nPUNG2,16:56:51
nPUNG2,16:56:51
nPUNG2,16:56:51
nPUNG2,16:56:51
nPUNG2,16:56:51
nPUNG2,16:56:51
nPUNG2,16:56:51
nPUNG2,16:56:51
nPUNG3,16:56:51
nPUNG2,16:56:51
nPUNG2,16:56:52
nPUNG2,16:56:52
nPUNG2,16:56:52
nPUNG2,16:56:52
nPUNG2,16:56:52
nPUNG2,16:56:52
nPUNG2,16:56:52
nPUNG2,16:56:52
nPUNG2,16:56:52
nPUNG1,16:56:52
nPUNG1,16:56:52
nPUNG1,16:56:52
nPUNG1,16:56:52
nPUNG1,16:56:52
nPUNG1,16:56:52
nPUNG1,16:56:53
nPUNG1,16:56:53
nPUNG1,16:56:53
nPUNG1,16:56:53
nPUNG1,16:56:53
nPUNG1,16:56:53
nPUNG1,16:56:53
nPUNG1,16:56:53
nPUNG1,16:56:53
nPUNG1,16:56:53
nPUNG1,16:56:53
nPUNG1,16:56:53
nPUNG1,16:56:53
nPUNG1,16:56:53
nPUNG1,16:56:53
nPUNG1,16:56:54
nPUNG1,16:56:54
nPUNG1,16:56:54
nPUNG1,16:56:54
nPUNG1,16:56:54
nPUNG1,16:56:54
nPUNG2,16:56:54
nPUNG2,16:56:54
nPUNG2,16:56:54
nPUNG2,16:56:54
nPUNG2,16:56:54
nPUNG2,16:56:54
nPUNG1,16:56:54
nPUNG2,16:56:54
nPUNG2,16:56:54
nPUNG1,16:56:54
nPUNG2,16:56:55
nPUNG2,16:56:55
nPUNG1,16:56:55
nPUNG1,16:56:55
nPUNG2,16:56:55
nPUNG2,16:56:55
nPUNG2,16:56:55
nPUNG1,16:56:55
nPUNG1,16:56:55
nPUNG1,16:56:55
nPUNG1,16:56:55
nPUNG2,16:56:55
nPUNG2,16:56:55
nPUNG2,16:56:55
nPUNG2,16:56:55
nPUNG1,16:56:56
nPUNG2,16:56:56
nPUNG2,16:56:56
nPUNG2,16:56:56
nPUNG2,16:56:56
nPUNG2,16:56:56
nPUNG2,16:56:56
nPUNG2,16:56:56
nPUNG2,16:56:56
nPUNG2,16:56:56
nPUNG2,16:56:56
nPUNG2,16:56:56
nPUNG2,16:56:56
nPUNG2,16:56:56
nPUNG2,16:56:56
nPUNG2,16:56:57
nPUNG2,16:56:57
nPUNG2,16:56:57
nPUNG2,16:56:57
nPUNG2,16:56:57
nPUNG2,16:56:57
nPUNG2,16:56:57
nPUNG2,16:56:57
nPUNG2,16:56:57
nPUNG2,16:56:57
nPUNG2,16:56:57
nPUNG2,16:56:57
nPUNG2,16:56:57
nPUNG2,16:56:57
nPUNG2,16:56:57
nPUNG1,16:56:58
nPUNG1,16:56:58
nPUNG1,16:57:07
nPUNG1,16:57:07
nPUNG1,16:57:07
nPUNG1,16:57:07
nPUNG1,16:57:08
nPUNG1,16:57:08
nPUNG1,16:57:08
nPUNG1,16:57:08
nPUNG1,16:57:08
nPUNG1,16:57:08
nPUNG1,16:57:08
nPUNG1,16:57:08
nPUNG1,16:57:08
nPUNG1,16:57:08
nPUNG1,16:57:08
nPUNG1,16:57:08
nPUNG1,16:57:08
nPUNG1,16:57:08
nPUNG3,16:57:08
nPUNG3,16:57:09
nPUNG2,16:57:09
nPUNG3,16:57:09
nPUNG3,16:57:09
nPUNG3,16:57:09
nPUNG3,16:57:09
nPUNG3,16:57:09
nPUNG3,16:57:09
nPUNG1,16:57:09
nPUNG3,16:57:09
nPUNG3,16:57:09
nPUNG3,16:57:09
nPUNG3,16:57:09
nPUNG3,16:57:09
nPUNG3,16:57:09
nPUNG3,16:57:10
nPUNG3,16:57:10
nPUNG3,16:57:10
nPUNG3,16:57:10
nPUNG3,16:57:10
nPUNG3,16:57:10
nPUNG3,16:57:10
nPUNG3,16:57:10
nPUNG3,16:57:10
nPUNG3,16:57:10
nPUNG3,16:57:10
nPUNG3,16:57:10
nPUNG3,16:57:10
nPUNG2,16:57:10
nPUNG2,16:57:10
nPUNG3,16:57:11
nPUNG3,16:57:11
nPUNG3,16:57:11
nPUNG3,16:57:11
nPUNG3,16:57:11
nPUNG3,16:57:11
nPUNG3,16:57:11
nPUNG3,16:57:11
nPUNG3,16:57:11
nPUNG3,16:57:11
nPUNG3,16:57:11
nPUNG3,16:57:11
nPUNG3,16:57:11
nPUNG3,16:57:11
nPUNG1,16:57:12
nPUNG3,16:57:12
nPUNG1,16:57:12
nPUNG1,16:57:12
nPUNG1,16:57:13
nPUNG3,16:57:13
nPUNG3,16:57:13
nPUNG3,16:57:13
nPUNG3,16:57:13
nPUNG3,16:57:13
nPUNG3,16:57:13
nPUNG3,16:57:13
nPUNG3,16:57:13
nPUNG3,16:57:13
nPUNG3,16:57:13
nPUNG3,16:57:13
nPUNG3,16:57:13
nPUNG3,16:57:13
nPUNG3,16:57:14
nPUNG3,16:57:14
nPUNG3,16:57:14
nPUNG3,16:57:14
nPUNG3,16:57:14
nPUNG3,16:57:14
nPUNG2,16:57:14
nPUNG2,16:57:14
nPUNG3,16:57:14
nPUNG3,16:57:14
nPUNG3,16:57:14
nPUNG3,16:57:14
nPUNG3,16:57:14
nPUNG3,16:57:14
nPUNG2,16:57:14
nPUNG2,16:57:15
nPUNG2,16:57:15
nPUNG2,16:57:15
nPUNG2,16:57:15
nPUNG2,16:57:15
nPUNG1,16:57:15
nPUNG1,16:57:15
nPUNG1,16:57:15
nPUNG1,16:57:15
nPUNG1,16:57:15
nPUNG1,16:57:15
nPUNG1,16:57:15
nPUNG1,16:57:15
nPUNG1,16:57:15
nPUNG1,16:57:15
nPUNG1,16:57:16
nPUNG1,16:57:16
nPUNG1,16:57:16
nPUNG1,16:57:16
nPUNG1,16:57:16
nPUNG1,16:57:16
nPUNG1,16:57:17
nPUNG1,16:57:17
nPUNG1,16:57:17
nPUNG1,16:57:17
nPUNG1,16:57:17
nPUNG1,16:57:17
nPUNG1,16:57:17
nPUNG1,16:57:17
nPUNG1,16:57:18
nPUNG1,16:57:18
nPUNG1,16:57:18
nPUNG1,16:57:18
nPUNG1,16:57:18
nPUNG1,16:57:18
nPUNG1,16:57:18
nPUNG1,16:57:18
nPUNG1,16:57:18
nPUNG1,16:57:18
nPUNG1,16:57:18
nPUNG1,16:57:18
nPUNG1,16:57:18
nPUNG1,16:57:18
nPUNG1,16:57:18
nPUNG1,16:57:19
nPUNG1,16:57:19
nPUNG1,16:57:19
nPUNG1,16:57:19
nPUNG1,16:57:19
nPUNG1,16:57:19
nPUNG1,16:57:19
nPUNG1,16:57:19
nPUNG1,16:57:19
nPUNG1,16:57:19
nPUNG1,16:57:19
nPUNG1,16:57:19
nPUNG1,16:57:19
nPUNG1,16:57:19
nPUNG1,16:57:19
nPUNG1,16:57:20
nPUNG1,16:57:20
nPUNG1,16:57:20
nPUNG1,16:57:20
nPUNG1,16:57:20
nPUNG1,16:57:20
nPUNG1,16:57:20
nPUNG1,16:57:20
nPUNG1,16:57:20
nPUNG1,16:57:20
nPUNG1,16:57:20
nPUNG1,16:57:20
nPUNG1,16:57:20
nPUNG1,16:57:20
nPUNG1,16:57:20
nPUNG1,16:57:21
nPUNG1,16:57:21
nPUNG1,16:57:21
nPUNG1,16:57:21
nPUNG1,16:57:21
nPUNG1,16:57:21
nPUNG1,16:57:21
nPUNG1,16:57:21
nPUNG1,16:57:21
nPUNG1,16:57:21
nPUNG1,16:57:21
nPUNG1,16:57:21
nPUNG1,16:57:21
nPUNG1,16:57:21
nPUNG1,16:57:21
nPUNG1,16:57:22
nPUNG1,16:57:22
nPUNG1,16:57:22
nPUNG1,16:57:22
nPUNG1,16:57:22
nPUNG1,16:57:22
nPUNG1,16:57:22
nPUNG1,16:57:22
nPUNG1,16:57:22
nPUNG1,16:57:22
nPUNG1,16:57:22
nPUNG1,16:57:23
nPUNG1,16:57:23
nPUNG1,16:57:23
nPUNG1,16:57:23
nPUNG1,16:57:23
nPUNG1,16:57:23
nPUNG1,16:57:23
nPUNG1,16:57:23
nPUNG2,16:57:23
nPUNG2,16:57:23
nPUNG3,16:57:23
nPUNG2,16:57:23
nPUNG3,16:57:23
nPUNG3,16:57:23
nPUNG3,16:57:23
nPUNG3,16:57:24
nPUNG3,16:57:24
nPUNG3,16:57:24
nPUNG3,16:57:24
nPUNG3,16:57:24
nPUNG2,16:57:24
nPUNG3,16:57:24
nPUNG3,16:57:24
nPUNG3,16:57:24
nPUNG3,16:57:24
nPUNG2,16:57:24
nPUNG3,16:57:24
nPUNG2,16:57:25
nPUNG2,16:57:25
nPUNG2,16:57:25
nPUNG2,16:57:25
nPUNG3,16:57:25
nPUNG3,16:57:25
nPUNG3,16:57:25
nPUNG3,16:57:25
nPUNG3,16:57:25
nPUNG3,16:57:25
nPUNG3,16:57:25
nPUNG3,16:57:25
nPUNG3,16:57:25
nPUNG3,16:57:25
nPUNG3,16:57:26
nPUNG3,16:57:26
nPUNG3,16:57:26
nPUNG3,16:57:26
nPUNG3,16:57:26
nPUNG3,16:57:26
nPUNG3,16:57:26
nPUNG3,16:57:26
nPUNG3,16:57:26
nPUNG2,16:57:26
nPUNG3,16:57:26
nPUNG3,16:57:26
nPUNG3,16:57:26
nPUNG3,16:57:26
nPUNG3,16:57:26
nPUNG3,16:57:27
nPUNG3,16:57:27
nPUNG3,16:57:27
nPUNG3,16:57:27
nPUNG3,16:57:27
nPUNG3,16:57:27
nPUNG3,16:57:27
nPUNG3,16:57:27
nPUNG3,16:57:27
nPUNG3,16:57:27
nPUNG3,16:57:27
nPUNG3,16:57:27
nPUNG3,16:57:27
nPUNG3,16:57:27
nPUNG3,16:57:27
nPUNG3,16:57:28
nPUNG3,16:57:28
nPUNG3,16:57:28
nPUNG3,16:57:28
nPUNG3,16:57:28
nPUNG3,16:57:28
nPUNG3,16:57:28
nPUNG3,16:57:28
nPUNG3,16:57:28
nPUNG3,16:57:28
nPUNG3,16:57:28
nPUNG3,16:57:28
nPUNG2,16:57:28
nPUNG3,16:57:28
nPUNG3,16:57:29
nPUNG3,16:57:29
nPUNG3,21:33:40
nPUNG3,21:33:40
nPUNG3,21:33:40
nPUNG3,21:33:40
nPUNG3,21:33:40
nPUNG3,21:33:40
nPUNG3,21:33:40
nPUNG3,21:33:40
nPUNG3,21:33:41
nPUNG3,21:33:41
nPUNG3,21:33:41
nPUNG3,21:33:41
nPUNG2,21:33:41
nPUNG2,21:33:41
nPUNG3,21:33:41
nPUNG3,21:33:41
nPUNG3,21:33:41
nPUNG3,21:33:41
nPUNG3,21:33:41
nPUNG3,21:33:41
nPUNG3,21:33:41
nPUNG3,21:33:41
nPUNG3,21:33:41
nPUNG3,21:33:42
nPUNG3,21:33:42
nPUNG2,21:33:42
nPUNG2,21:33:42
nPUNG2,21:33:43
nPUNG2,21:33:43
nPUNG3,21:33:43
nPUNG3,21:33:43
nPUNG3,21:33:43
nPUNG3,21:33:43
nPUNG3,21:33:43
nPUNG3,21:33:43
nPUNG3,21:33:43
nPUNG3,21:33:43
nPUNG2,21:33:43
nPUNG2,21:33:43
nPUNG3,21:33:43
nPUNG2,21:33:43
nPUNG2,21:33:43
nPUNG2,21:33:44
nPUNG3,21:33:44
nPUNG2,21:33:44
nPUNG2,21:33:44
nPUNG3,21:33:44
nPUNG1,21:33:44
nPUNG2,21:33:44
nPUNG2,21:33:44
nPUNG2,21:33:44
nPUNG2,21:33:44
nPUNG2,21:33:44
nPUNG1,21:33:44
nPUNG2,21:33:44
nPUNG3,21:33:44
nPUNG2,21:33:44
nPUNG3,21:33:45
nPUNG3,21:33:45
nPUNG3,21:33:45
nPUNG3,21:33:45
nPUNG3,21:33:45
nPUNG3,21:33:45
nPUNG3,21:33:45
nPUNG2,21:33:45
nPUNG2,21:33:45
nPUNG3,21:33:45
nPUNG2,21:33:45
nPUNG2,21:33:45
nPUNG2,21:33:45
nPUNG3,21:33:47
nPUNG3,21:33:48
nPUNG3,21:33:48
nPUNG3,21:33:49
nPUNG3,21:33:49
nPUNG3,21:33:49
nPUNG3,21:33:49
nPUNG3,21:33:49
nPUNG3,21:33:49
nPUNG3,21:33:49
nPUNG3,21:33:49
nPUNG3,21:33:49
nPUNG3,21:33:49
nPUNG3,21:33:49
nPUNG3,21:33:49
nPUNG3,21:33:49
nPUNG3,21:33:49
nPUNG3,21:33:50
nPUNG3,21:33:50
nPUNG3,21:33:50
nPUNG3,21:33:50
nPUNG3,21:33:50
nPUNG3,21:33:50
nPUNG3,21:33:50
nPUNG3,21:33:50
nPUNG3,21:33:50
nPUNG3,21:33:50
nPUNG3,21:33:50
nPUNG3,21:33:50
nPUNG3,21:33:51
nPUNG3,21:33:51
nPUNG3,21:33:51
nPUNG3,21:33:51
nPUNG3,21:33:51
nPUNG3,21:33:51
nPUNG3,21:33:51
nPUNG3,21:33:51
nPUNG3,21:33:51
nPUNG3,21:33:51
nPUNG3,21:33:51
nPUNG3,21:33:51
nPUNG3,21:33:51
nPUNG3,21:33:52
nPUNG3,21:33:52
nPUNG3,21:33:52
nPUNG2,21:33:52
nPUNG3,21:33:52
nPUNG3,21:33:52
nPUNG3,21:33:53
nPUNG3,21:33:53
nPUNG3,21:33:53
nPUNG3,21:33:53
nPUNG3,21:33:53
nPUNG1,21:33:53
nPUNG1,21:33:53
nPUNG1,21:33:53
nPUNG3,21:33:53
nPUNG1,21:33:53
nPUNG1,21:33:53
nPUNG1,21:33:53
nPUNG1,21:33:53
nPUNG1,21:33:53
nPUNG3,21:33:53
nPUNG2,21:33:54
nPUNG2,21:33:54
nPUNG3,21:33:54
nPUNG3,21:33:54
nPUNG3,21:33:54
nPUNG2,21:33:54
nPUNG2,21:33:54
nPUNG3,21:33:54
nPUNG2,21:33:54
nPUNG3,21:33:54
nPUNG2,21:33:54
nPUNG2,21:33:54
nPUNG2,21:33:54
nPUNG2,21:33:54
nPUNG2,21:33:54
nPUNG2,21:33:55
nPUNG3,21:33:55
nPUNG3,21:33:55
nPUNG3,21:33:55
nPUNG3,21:33:55
nPUNG1,21:33:55
nPUNG1,21:33:55
nPUNG1,21:33:55
nPUNG1,21:33:55
nPUNG1,21:33:55
nPUNG1,21:33:55
nPUNG1,21:33:55
nPUNG1,21:33:55
nPUNG1,21:33:55
nPUNG1,21:33:55
nPUNG1,21:33:56
nPUNG1,21:33:56
nPUNG3,21:33:56
nPUNG1,21:33:56
nPUNG1,21:33:56
nPUNG1,21:33:56
nPUNG3,21:33:56
nPUNG1,21:33:56
nPUNG3,21:33:56
nPUNG1,21:33:56
nPUNG1,21:33:56
nPUNG3,21:33:56
nPUNG1,21:33:56
nPUNG3,21:33:56
nPUNG3,21:33:56
nPUNG3,21:33:57
nPUNG3,21:33:57
nPUNG3,21:33:57
nPUNG2,21:33:57
nPUNG3,21:33:57
nPUNG3,21:33:57
nPUNG2,21:33:57
nPUNG2,21:33:57
nPUNG3,21:33:57
nPUNG3,21:33:57
nPUNG2,21:33:57
nPUNG1,21:33:57
nPUNG1,21:33:57
nPUNG1,21:33:57
nPUNG1,21:33:57
nPUNG3,21:33:58
nPUNG2,21:33:58
nPUNG3,21:33:58
nPUNG3,21:33:58
nPUNG3,21:33:58
nPUNG3,21:33:58
nPUNG3,21:33:58
nPUNG3,21:33:58
nPUNG3,21:33:58
nPUNG3,21:33:58
nPUNG3,21:33:58
nPUNG3,21:33:58
nPUNG3,21:33:58
nPUNG3,21:33:58
nPUNG3,21:33:59
nPUNG3,21:33:59
nPUNG3,21:33:59
nPUNG3,21:33:59
nPUNG3,21:33:59
nPUNG3,21:33:59
nPUNG3,21:33:59
nPUNG3,21:33:59
nPUNG3,21:33:59
nPUNG3,21:33:59
nPUNG2,21:33:59
nPUNG2,21:34:00
nPUNG3,21:34:00
nPUNG2,21:34:00
nPUNG2,21:34:00
nPUNG2,21:34:00
nPUNG2,21:34:00
nPUNG1,21:34:00
nPUNG3,21:34:00
nPUNG1,21:34:00
nPUNG1,21:34:00
nPUNG3,21:34:00
nPUNG1,21:34:00
nPUNG1,21:34:00
nPUNG1,21:34:00
nPUNG1,21:34:00
nPUNG3,21:34:01
nPUNG3,21:34:01
nPUNG3,21:34:01
nPUNG3,21:34:01
nPUNG1,21:34:01
nPUNG1,21:34:01
nPUNG3,21:34:01
nPUNG3,21:34:01
nPUNG1,21:34:01
nPUNG1,21:34:01
nPUNG1,21:34:01
nPUNG1,21:34:01
nPUNG3,21:34:01
nPUNG3,21:34:01
nPUNG3,21:34:02
nPUNG1,21:34:02
nPUNG1,21:34:02
nPUNG2,21:34:02
nPUNG3,21:34:02
nPUNG2,21:34:02
nPUNG2,21:34:02
nPUNG1,21:34:02
nPUNG3,21:34:02
nPUNG3,21:34:02
nPUNG3,21:34:02
nPUNG2,21:34:02
nPUNG3,21:34:02
nPUNG1,21:34:02
nPUNG3,21:34:02
nPUNG3,21:34:03
nPUNG3,21:34:03
nPUNG3,21:34:03
nPUNG3,21:34:03
nPUNG2,21:34:03
nPUNG2,21:34:03
nPUNG2,21:34:03
nPUNG2,21:34:03
nPUNG3,21:34:03
nPUNG3,21:34:03
nPUNG3,21:34:03
nPUNG3,21:34:03
nPUNG3,21:34:03
nPUNG3,21:34:03
nPUNG3,21:34:03
nPUNG3,21:34:04
nPUNG3,21:34:04
nPUNG3,21:34:04
nPUNG3,21:34:04
nPUNG3,21:34:04
nPUNG3,21:34:04
nPUNG3,21:34:04
nPUNG3,21:34:04
nPUNG3,21:34:04
nPUNG3,21:34:04
nPUNG3,21:34:04
nPUNG3,21:34:04
nPUNG3,21:34:04
nPUNG3,21:34:04
nPUNG3,21:34:04
nPUNG3,21:34:05
nPUNG3,21:34:05
nPUNG3,21:34:05
nPUNG3,21:34:05
nPUNG2,21:34:05
nPUNG3,21:34:05
nPUNG3,21:34:05
nPUNG3,21:34:05
nPUNG3,21:34:05
nPUNG3,21:34:05
nPUNG3,21:34:05
nPUNG3,21:34:05
nPUNG3,21:34:05
nPUNG3,21:34:05
nPUNG3,21:34:05
nPUNG3,21:34:06
nPUNG3,21:34:06
nPUNG3,21:34:06
nPUNG3,21:34:06
nPUNG3,21:34:06
nPUNG3,21:34:06
nPUNG3,21:34:06
nPUNG1,21:34:06
nPUNG3,21:34:06
nPUNG3,21:34:06
nPUNG3,21:34:06
nPUNG1,21:34:06
nPUNG3,21:34:06
nPUNG3,21:34:06
nPUNG3,21:34:06
nPUNG3,21:34:07
nPUNG3,21:34:07
nPUNG3,21:34:07
nPUNG3,21:34:07
nPUNG3,21:34:07
nPUNG3,21:34:07
nPUNG2,21:34:07
nPUNG2,21:34:07
nPUNG3,21:34:07
nPUNG3,21:34:07
nPUNG3,21:34:07
nPUNG3,21:34:07
nPUNG3,21:34:07
nPUNG3,21:34:07
nPUNG3,21:34:07
nPUNG3,21:34:08
nPUNG3,21:34:08
nPUNG3,21:34:08
nPUNG3,21:34:08
nPUNG2,21:34:08
nPUNG3,21:34:08
nPUNG3,21:34:08
nPUNG3,21:34:08
nPUNG3,21:34:08
